first_name,last_name,email_address,homephone,street,city,state,zipcode
Anna,Brodie,dtcfadden@jumpstartlab.com,2144775000,3713 Cumberland Ln.,Grand Prairie,TX,75052
Anna,Brown,odilylynnrichardson@jumpstartlab.com,9086428000,9 Booth St.,Burlington,VT,05401
Anna,Chan,hapoindexter12@jumpstartlab.com,9786605000,1755 N. 13th Street 112,Philadelphia,PA,19122
Anna,Davis,pyvidfox@jumpstartlab.com,0000000000,2634 Belle Haven Dr,Lawrence,KS,66046
Anna,Doe,yte.gross@jumpstartlab.com,4848326000,Bard College Po Box 5000,Annandale,NY,12504
Anna,Drew,ipscherwill@jumpstartlab.com,9086428000,9 Booth St.,Burlington,VT,05401
Anna,Fisher,msnnatlewis1@jumpstartlab.com,2023166000,4576 Middlebury College,Middlebury,VT,05753
Anna,Freund,eeoelle88@jumpstartlab.com,2064461000,1423 1/2 Quarrier St. Apt. B,Charleston,WV,25301
Anna,Heureux,qporger@jumpstartlab.com,5053204000,P. O. Box 1149,Aztec,NM,87410
Anna,Laedtke,jjccullo@jumpstartlab.com,4129135000,361 E Stewart St Apt 2a,Dayton,OH,45409
Anna,Martin,nndd.hathaway@jumpstartlab.com,3018069000,"",Chapel Hill,NC,27514
Anna,Melkumova,aensky@jumpstartlab.com,7183054000,605 52nd St. Suite 2,Pittsburgh,PA,15201
Anna,Milholland,shkhail4@jumpstartlab.com,2075776000,Blank,Blank,IN,12345
Anna,Moreno,fwlligan2032@jumpstartlab.com,8605970000,5 Blank St,Storrs Mansfield,CT,06269
Anna,Roscoe,lyeiffea@jumpstartlab.com,7183054000,5707 Penn Avenue,Pittsburgh,PA,15206
Anna,Sane,ba76538@jumpstartlab.com,4143366000,2576 N. Frederick Ave,Milwaukee,WI,53211
Anna,Saud,ylmartinez50@jumpstartlab.com,9197413000,2500 Rivermont Avenue,Lynchburg,VA,24503
Anna,Schultz,pe@jumpstartlab.com,2483101000,Sweet Briar,Sweet Briar,VA,24595
Anna,Semensi,qfubenstein@jumpstartlab.com,5055709000,950 Main St. Box 978,Worcester,MA,01610
Anna,Silvestri,trrothma@jumpstartlab.com,5124706000,2410 Hartford Rd,Austin,TX,78703
Anna,Tazewell,ddf12@jumpstartlab.com,6038312000,23 Romoda Drive Cmr 921,Canton,NY,13617
Anna,Turrell,gqpapes@jumpstartlab.com,9548036000,2501 Black Horse Loop Apt 301c,Lutz,FL,33559
Anna,Wright,sqaju@jumpstartlab.com,3363171000,5 Roswell Ct.,Greensboro,NC,27408
Anna,Wykstra,jucienemerson@jumpstartlab.com,9086428000,9 Booth,Burlington,VT,05401
Anna,Xx,hae.madpj7@jumpstartlab.com,3107950000,764 Hicks Center,Kalamazoo,MI,49006
Anna,Zeng,baenner@jumpstartlab.com,2626858000,106 Pleasant Street S.e,Minneapolis,MN,55455
